Feature,Importance
avg_cc,0.09431344740255387
wmc,0.07343588105984993
mfa,0.062102642271609144
lcom,0.05892622784848057
npm,0.0583219782335077
cbo,0.05656008561602593
amc,0.05502654753103403
loc,0.05098576513977355
max_cc,0.04898659291340768
cam,0.04712594533084553
rfc,0.04560888337023799
ca,0.045603542481547854
ce,0.03945219707727582
lcom3,0.02964396603778117
dit,0.026217071497783736
noc,0.019380369320837143
moa,0.01847550534896825
name.1_org.apache.camel.bam.model.ActivityState,0.015604905784890892
cbm,0.014142585204965934
dam,0.012572083977259682
