,precision,recall,f1-score,support
False,0.9983471074380166,1.0,0.9991728701406121,604.0
True,0.0,0.0,0.0,1.0
accuracy,0.9983471074380166,0.9983471074380166,0.9983471074380166,0.9983471074380166
macro avg,0.4991735537190083,0.5,0.49958643507030603,605.0
weighted avg,0.9966969469298546,0.9983471074380166,0.997521344735421,605.0
