,precision,recall,f1-score,support
False,1.0,0.02152317880794702,0.04213938411669368,604.0
True,0.0016891891891891893,1.0,0.003372681281618887,1.0
accuracy,0.023140495867768594,0.023140495867768594,0.023140495867768594,0.023140495867768594
macro avg,0.5008445945945946,0.5107615894039735,0.022756032699156284,605.0
weighted avg,0.9983498994862631,0.023140495867768594,0.04207530692192496,605.0
