,precision,recall,f1-score,support
False,1.0,0.21688741721854304,0.3564625850340136,604.0
True,0.002109704641350211,1.0,0.004210526315789474,1.0
accuracy,0.21818181818181817,0.21818181818181817,0.21818181818181817,0.21818181818181817
macro avg,0.5010548523206751,0.6084437086092715,0.18033655567490156,605.0
weighted avg,0.9983505945531262,0.21818181818181817,0.35588035022621495,605.0
